{"cameraMode":{"drawMode":0,"name":"Shaded","section":"Shading Mode"},"sceneLighting":true,"audioPlay":false,"sceneViewState":{"m_AlwaysRefresh":false,"showFog":true,"showSkybox":true,"showFlares":true,"showImageEffects":true,"showParticleSystems":true,"showVisualEffectGraphs":true,"m_FxEnabled":true},"in2DMode":false,"pivot":{"x":-2.0780766010284426,"y":4.609495639801025,"z":14.626690864562989},"rotation":{"x":0.09308477491140366,"y":-0.9058378338813782,"z":0.26554304361343386,"w":0.31588828563690188},"size":6.177888870239258,"orthographic":false}